,adr,ame_d,count_accidents
0,ALLEE DE LONGCHAMP,VOIE SECURISEE,4
1,ALLEE VIVALDI,VOIE SECURISEE,1
2,ALSACE (RUE) N°1 A 17 ET 2 A 18,MOINS SECURISEE,2
3,ANA. FRANCE(RUE)1A75 ET 2A72,VOIE SECURISEE,1
4,ARISTIDE BRIAND,AUCUN,1
5,ARISTIDE BRIAND(RUE)85 +  ET  98+,MOINS SECURISEE,1
6,ARNOUX AVENUE MAURICE AUTRES N°,VOIE SECURISEE,1
7,AVENUE CLAUDE VELLEFAUX,AUCUN,1
8,AVENUE CORENTIN CARIOU,MOINS SECURISEE,1
9,AVENUE D ITALIE,AUCUN,1
10,AVENUE D ITALIE,MOINS SECURISEE,1
11,AVENUE D ITALIE,VOIE SECURISEE,2
12,AVENUE D IVRY,AUCUN,1
13,AVENUE DAUMESNIL,VOIE SECURISEE,3
14,AVENUE DAVID WEILL,MOINS SECURISEE,1
15,AVENUE DE BRETEUIL,MOINS SECURISEE,2
16,AVENUE DE CHOISY,AUCUN,1
17,AVENUE DE CLICHY,AUCUN,1
18,AVENUE DE CLICHY,MOINS SECURISEE,1
19,AVENUE DE FLANDRE,MOINS SECURISEE,4
20,AVENUE DE FLANDRE,VOIE SECURISEE,1
21,AVENUE DE FRANCE,AUCUN,1
22,AVENUE DE L OPERA,AUCUN,1
23,AVENUE DE L OPERA,MOINS SECURISEE,1
24,AVENUE DE LA MOTTE PICQUET,AUCUN,1
25,AVENUE DE LA MOTTE PICQUET,MOINS SECURISEE,1
26,AVENUE DE LA PORTE BRANCION,VOIE SECURISEE,1
27,AVENUE DE LA PORTE D ASNIERES,MOINS SECURISEE,1
28,AVENUE DE LA PORTE DE CHAMPERRET,VOIE SECURISEE,1
29,AVENUE DE LA PORTE DE CLICHY,MOINS SECURISEE,1
30,AVENUE DE LA PORTE DE CLIGNANCOURT,AUCUN,1
31,AVENUE DE LA PORTE DE MONTMARTRE,AUCUN,2
32,AVENUE DE LA PORTE DE MONTMARTRE,VOIE SECURISEE,1
33,AVENUE DE LA PORTE DE MONTROUGE,MOINS SECURISEE,1
34,AVENUE DE LA PORTE DE PANTIN,VOIE SECURISEE,1
35,AVENUE DE LA PORTE DE VITRY,VOIE SECURISEE,3
36,AVENUE DE LA REPUBLIQUE,VOIE SECURISEE,11
37,AVENUE DE LOWENDAL,MOINS SECURISEE,2
38,AVENUE DE MARIGNY,VOIE SECURISEE,1
39,AVENUE DE NEW YORK,MOINS SECURISEE,2
40,AVENUE DE NEW YORK,VOIE SECURISEE,1
41,AVENUE DE SAINT CLOUD,MOINS SECURISEE,1
42,AVENUE DE SAINT OUEN,VOIE SECURISEE,1
43,AVENUE DE SUFFREN,AUCUN,1
44,AVENUE DE VERSAILLES,MOINS SECURISEE,3
45,AVENUE DE VILLARS,MOINS SECURISEE,1
46,AVENUE DE VILLIERS,MOINS SECURISEE,4
47,AVENUE DE WAGRAM,AUCUN,3
48,AVENUE DE WAGRAM,MOINS SECURISEE,2
49,AVENUE DE WAGRAM,VOIE SECURISEE,1
50,AVENUE DENFERT ROCHEREAU,MOINS SECURISEE,3
51,AVENUE DES CHAMPS ELYSEES,AUCUN,2
52,AVENUE DES CHAMPS ELYSEES,MOINS SECURISEE,2
53,AVENUE DES CHAMPS ELYSEES,VOIE SECURISEE,1
54,AVENUE DES GOBELINS,MOINS SECURISEE,1
55,AVENUE DES TERNES,AUCUN,1
56,AVENUE DU COLONEL HENRI ROL TANGUY,MOINS SECURISEE,1
57,AVENUE DU GENERAL LECLERC,AUCUN,2
58,AVENUE DU GENERAL LECLERC,MOINS SECURISEE,5
59,AVENUE DU GENERAL LECLERC,VOIE SECURISEE,1
60,AVENUE DU MAINE,AUCUN,2
61,AVENUE DU MAINE,MOINS SECURISEE,2
62,AVENUE DU PERE LACHAISE,AUCUN,1
63,AVENUE DU PRESIDENT WILSON,MOINS SECURISEE,1
64,AVENUE DU TRONE,AUCUN,1
65,AVENUE DUQUESNE,MOINS SECURISEE,1
66,AVENUE EMILE ZOLA,AUCUN,1
67,AVENUE EMILE ZOLA,VOIE SECURISEE,1
68,AVENUE FELIX FAURE,AUCUN,1
69,AVENUE FOCH,MOINS SECURISEE,2
70,AVENUE GAMBETTA,AUCUN,1
71,AVENUE GAMBETTA,VOIE SECURISEE,5
72,AVENUE GENERAL LEMONNIER,MOINS SECURISEE,1
73,AVENUE JEAN JAURES,VOIE SECURISEE,9
74,AVENUE JEAN MOULIN,VOIE SECURISEE,1
75,AVENUE LEDRU ROLLIN,AUCUN,2
76,AVENUE LEDRU ROLLIN,MOINS SECURISEE,1
77,AVENUE LEDRU ROLLIN,VOIE SECURISEE,1
78,AVENUE MAC MAHON,AUCUN,1
79,AVENUE MATHURIN MOREAU,VOIE SECURISEE,1
80,AVENUE MAURICE D OCAGNE,AUCUN,1
81,AVENUE MOZART,MOINS SECURISEE,1
82,AVENUE NIEL,AUCUN,2
83,AVENUE NIEL,MOINS SECURISEE,1
84,AVENUE PARMENTIER,AUCUN,4
85,AVENUE PARMENTIER,MOINS SECURISEE,1
86,AVENUE PAUL DOUMER,AUCUN,2
87,AVENUE PHILIPPE AUGUSTE,AUCUN,3
88,AVENUE PHILIPPE AUGUSTE,VOIE SECURISEE,1
89,AVENUE REILLE,AUCUN,1
90,AVENUE SECRETAN,VOIE SECURISEE,1
91,AVENUE SIMON BOLIVAR,MOINS SECURISEE,2
92,AVENUE STEPHANE MALLARME,MOINS SECURISEE,1
93,AVENUE THEOPHILE GAUTIER,AUCUN,1
94,AVENUE VICTORIA,MOINS SECURISEE,1
95,AVENUE WINSTON CHURCHILL,MOINS SECURISEE,3
96,Avenue Georges Gosnat,MOINS SECURISEE,1
97,Avenue Paul Vaillant-Couturier,AUCUN,1
98,Avenue Vladimir Ilitch Lenine,AUCUN,1
99,Avenue de Fontainebleau,MOINS SECURISEE,1
100,BOULEVARD ARAGO,AUCUN,2
101,BOULEVARD ARAGO,MOINS SECURISEE,1
102,BOULEVARD ARAGO,VOIE SECURISEE,4
103,BOULEVARD AUGUSTE BLANQUI,VOIE SECURISEE,1
104,BOULEVARD BARBES,AUCUN,4
105,BOULEVARD BARBES,VOIE SECURISEE,1
106,BOULEVARD BEAUMARCHAIS,AUCUN,3
107,BOULEVARD BEAUMARCHAIS,MOINS SECURISEE,2
108,BOULEVARD BERTHIER,VOIE SECURISEE,1
109,BOULEVARD BRUNE,AUCUN,1
110,BOULEVARD BRUNE,VOIE SECURISEE,2
111,BOULEVARD D INDOCHINE,VOIE SECURISEE,1
112,BOULEVARD DE BELLEVILLE,MOINS SECURISEE,2
113,BOULEVARD DE BELLEVILLE,VOIE SECURISEE,2
114,BOULEVARD DE BERCY,VOIE SECURISEE,1
115,BOULEVARD DE BONNE NOUVELLE,VOIE SECURISEE,3
116,BOULEVARD DE CLICHY,AUCUN,2
117,BOULEVARD DE CLICHY,VOIE SECURISEE,4
118,BOULEVARD DE COURCELLES,MOINS SECURISEE,1
119,BOULEVARD DE COURCELLES,VOIE SECURISEE,1
120,BOULEVARD DE GRENELLE,VOIE SECURISEE,2
121,BOULEVARD DE L AMIRAL BRUIX,MOINS SECURISEE,1
122,BOULEVARD DE L HOPITAL,AUCUN,4
123,BOULEVARD DE L HOPITAL,MOINS SECURISEE,3
124,BOULEVARD DE LA BASTILLE,VOIE SECURISEE,2
125,BOULEVARD DE LA CHAPELLE,AUCUN,3
126,BOULEVARD DE LA CHAPELLE,VOIE SECURISEE,1
127,BOULEVARD DE LA TOUR MAUBOURG,AUCUN,1
128,BOULEVARD DE LA TOUR MAUBOURG,MOINS SECURISEE,2
129,BOULEVARD DE LA VILLETTE,AUCUN,1
130,BOULEVARD DE LA VILLETTE,MOINS SECURISEE,1
131,BOULEVARD DE LA VILLETTE,VOIE SECURISEE,6
132,BOULEVARD DE MAGENTA,AUCUN,3
133,BOULEVARD DE MAGENTA,MOINS SECURISEE,1
134,BOULEVARD DE MAGENTA,VOIE SECURISEE,11
135,BOULEVARD DE MENILMONTANT,AUCUN,2
136,BOULEVARD DE MENILMONTANT,VOIE SECURISEE,2
137,BOULEVARD DE PORT ROYAL,MOINS SECURISEE,1
138,BOULEVARD DE ROCHECHOUART,AUCUN,1
139,BOULEVARD DE ROCHECHOUART,MOINS SECURISEE,1
140,BOULEVARD DE SEBASTOPOL,AUCUN,3
141,BOULEVARD DE SEBASTOPOL,MOINS SECURISEE,12
142,BOULEVARD DE SEBASTOPOL,VOIE SECURISEE,9
143,BOULEVARD DE STRASBOURG,MOINS SECURISEE,3
144,BOULEVARD DE STRASBOURG,VOIE SECURISEE,3
145,BOULEVARD DE VAUGIRARD,MOINS SECURISEE,1
146,BOULEVARD DES BATIGNOLLES,MOINS SECURISEE,3
147,BOULEVARD DES CAPUCINES,MOINS SECURISEE,3
148,BOULEVARD DES FILLES DU CALVAIRE,MOINS SECURISEE,1
149,BOULEVARD DES INVALIDES,AUCUN,2
150,BOULEVARD DES INVALIDES,VOIE SECURISEE,2
151,BOULEVARD DIDEROT,AUCUN,1
152,BOULEVARD DIDEROT,MOINS SECURISEE,3
153,BOULEVARD DU GENERAL JEAN SIMON,VOIE SECURISEE,1
154,BOULEVARD DU MONTPARNASSE,MOINS SECURISEE,3
155,BOULEVARD DU PALAIS,MOINS SECURISEE,2
156,BOULEVARD EXELMANS,VOIE SECURISEE,1
157,BOULEVARD GARIBALDI,MOINS SECURISEE,1
158,BOULEVARD GARIBALDI,VOIE SECURISEE,2
159,BOULEVARD HAUSSMANN,MOINS SECURISEE,6
160,BOULEVARD HAUSSMANN,VOIE SECURISEE,1
161,BOULEVARD HENRI IV,MOINS SECURISEE,4
162,BOULEVARD JOURDAN,MOINS SECURISEE,1
163,BOULEVARD JOURDAN,VOIE SECURISEE,5
164,BOULEVARD JULES FERRY,VOIE SECURISEE,2
165,BOULEVARD KELLERMANN,MOINS SECURISEE,2
166,BOULEVARD LEFEBVRE,AUCUN,1
167,BOULEVARD LEFEBVRE,VOIE SECURISEE,4
168,BOULEVARD MACDONALD,AUCUN,1
169,BOULEVARD MACDONALD,MOINS SECURISEE,1
170,BOULEVARD MACDONALD,VOIE SECURISEE,2
171,BOULEVARD MALESHERBES,MOINS SECURISEE,3
172,BOULEVARD MALESHERBES,VOIE SECURISEE,1
173,BOULEVARD MASSENA,AUCUN,2
174,BOULEVARD MASSENA,MOINS SECURISEE,1
175,BOULEVARD MASSENA,VOIE SECURISEE,2
176,BOULEVARD MONTMARTRE,AUCUN,1
177,BOULEVARD MORLAND,VOIE SECURISEE,2
178,BOULEVARD NEY,AUCUN,2
179,BOULEVARD NEY,MOINS SECURISEE,1
180,BOULEVARD NEY,VOIE SECURISEE,3
181,BOULEVARD PASTEUR,VOIE SECURISEE,2
182,BOULEVARD PEREIRE,AUCUN,2
183,BOULEVARD PEREIRE,MOINS SECURISEE,1
184,BOULEVARD POISSONNIERE,VOIE SECURISEE,1
185,BOULEVARD PONIATOWSKI,VOIE SECURISEE,4
186,BOULEVARD RASPAIL,MOINS SECURISEE,4
187,BOULEVARD RICHARD LENOIR,AUCUN,3
188,BOULEVARD RICHARD LENOIR,VOIE SECURISEE,5
189,BOULEVARD SAINT DENIS,MOINS SECURISEE,2
190,BOULEVARD SAINT GERMAIN,AUCUN,1
191,BOULEVARD SAINT GERMAIN,VOIE SECURISEE,1
192,BOULEVARD SAINT JACQUES,MOINS SECURISEE,2
193,BOULEVARD SAINT MARCEL,MOINS SECURISEE,4
194,BOULEVARD SAINT MARTIN,VOIE SECURISEE,1
195,BOULEVARD SAINT MICHEL,AUCUN,1
196,BOULEVARD SAINT MICHEL,VOIE SECURISEE,1
197,BOULEVARD SERURIER,VOIE SECURISEE,3
198,BOULEVARD SUCHET,MOINS SECURISEE,1
199,BOULEVARD VICTOR,MOINS SECURISEE,1
200,BOULEVARD VICTOR,VOIE SECURISEE,5
201,BOULEVARD VINCENT AURIOL,AUCUN,1
202,BOULEVARD VINCENT AURIOL,VOIE SECURISEE,1
203,BOULEVARD VOLTAIRE,AUCUN,10
204,BOULEVARD VOLTAIRE,MOINS SECURISEE,3
205,BOULEVARD VOLTAIRE,VOIE SECURISEE,8
206,BRIAND (AVENUE ARISTIDE) N° 2 A 98,MOINS SECURISEE,1
207,BROSSOLETTE AVENUE PIERRE,VOIE SECURISEE,3
208,Bd Paul Vaillant Couturier,MOINS SECURISEE,1
209,Boulevard de Stalingrad,VOIE SECURISEE,1
210,CAMELINAT,VOIE SECURISEE,1
211,CAMILLE DESMOULINS,VOIE SECURISEE,1
212,CAMILLE PELLETAN(RUE)17 + ET 14+,VOIE SECURISEE,1
213,"CHARLES DE GAULLE (AVENUE, N° 18 A 116)",MOINS SECURISEE,1
214,"CHARLES DE GAULLE (AVENUE,N°118 A 192 +",AUCUN,2
215,CHARLES GIDE (AV),MOINS SECURISEE,1
216,CHATEAUBRIAND RUE DE,VOIE SECURISEE,1
217,COURS ALBERT 1ER,VOIE SECURISEE,1
218,COURS DE VINCENNES,AUCUN,1
219,COURS DE VINCENNES,MOINS SECURISEE,1
220,COURS LA REINE,VOIE SECURISEE,1
221,Charles de gaulle,VOIE SECURISEE,3
222,DENIS PAPIN (R),AUCUN,1
223,DORMOY (AVENUE MARX),VOIE SECURISEE,1
224,ERNEST RENAN,AUCUN,1
225,ETIENNE DOLET (RUE),AUCUN,1
226,EXUPERY AVENUE SAINT,AUCUN,1
227,FABIEN (BOULEVARD DU COLONEL),AUCUN,1
228,FONTAINEBLEAU (AV DE),MOINS SECURISEE,1
229,FONTAINEBLEAU (AV DE),VOIE SECURISEE,2
230,FOUCHER LEPELLETIER,AUCUN,1
231,FRERES VOISIN (BOULEVARD DES),VOIE SECURISEE,1
232,GABRIEL PERI,VOIE SECURISEE,1
233,GALLIENI (BOULEVARD),AUCUN,1
234,GENERAL LECLERC,VOIE SECURISEE,2
235,HUGO (AVENUE VICTOR),MOINS SECURISEE,1
236,JACQUES DULUD (RUE),AUCUN,1
237,JEAN COMPAGNON (QU),VOIE SECURISEE,1
238,JEAN JAURES (BD) DE (1 A 45)   (2 A 54),AUCUN,1
239,JEAN JAURES(RUE) 1A55 ET 2A54,MOINS SECURISEE,1
240,"JEAN MERMOZ (BOULEVARD, N° 5 A 15)",VOIE SECURISEE,1
241,LAZARE CARNOT (RUE),AUCUN,1
242,LOUIS GIRARD (RUE),AUCUN,1
243,MARECHAL JOFFRE (QUAI DU),MOINS SECURISEE,1
244,MARTRE DE (4 A 54),MOINS SECURISEE,1
245,MICHELET (R),VOIE SECURISEE,1
246,PAIX (AVENUE DE LA),MOINS SECURISEE,2
247,PARIS AVENUE DE N° IMPAIRS,AUCUN,1
248,PARIS AVENUE DE N°2 A82,AUCUN,1
249,PARIS AVENUE DE N°84 A FIN,AUCUN,1
250,PARMENTIER (RUE),VOIE SECURISEE,1
251,PASSAGE THIERE,AUCUN,1
252,PASTEUR (AVENUE LOUIS) AUTRES NUMEROS,MOINS SECURISEE,1
253,PASTEUR (RUE),AUCUN,1
254,PASTEUR RUE,MOINS SECURISEE,1
255,PAUL VAILLANT COUTURIER (AV),AUCUN,1
256,PELLETAN RUE CAMILLE,AUCUN,1
257,PERI RUE GABRIEL AUTRES N°,VOIE SECURISEE,2
258,PERI RUE GABRIEL N°37 A 99,MOINS SECURISEE,1
259,PERI RUE GABRIEL N°38 A 82,AUCUN,1
260,PERIER RUE N°1 A 33 ET 2 A 26,AUCUN,1
261,PIERRE LAROUSSE (AVENUE),AUCUN,1
262,PLACE ABBE GEORGES HENOCQUE,AUCUN,1
263,PLACE CAMBRONNE,VOIE SECURISEE,1
264,PLACE CHARLES DE GAULLE,AUCUN,2
265,PLACE D ITALIE,MOINS SECURISEE,1
266,PLACE DE COLOMBIE,AUCUN,1
267,PLACE DE FONTENOY,MOINS SECURISEE,1
268,PLACE DE L ALMA,VOIE SECURISEE,1
269,PLACE DE L OPERA,MOINS SECURISEE,2
270,PLACE DE LA BASTILLE,AUCUN,2
271,PLACE DE LA BATAILLE DE STALINGRAD,MOINS SECURISEE,1
272,PLACE DE LA CONCORDE,MOINS SECURISEE,5
273,PLACE DE LA CONCORDE,VOIE SECURISEE,6
274,PLACE DE LA MADELEINE,MOINS SECURISEE,1
275,PLACE DE LA PORTE DE VERSAILLES,VOIE SECURISEE,1
276,PLACE DE LA PORTE MAILLOT,VOIE SECURISEE,1
277,PLACE DE LA REPUBLIQUE,MOINS SECURISEE,1
278,PLACE DE LA REPUBLIQUE,VOIE SECURISEE,3
279,PLACE DE LA SORBONNE,AUCUN,1
280,PLACE DENFERT ROCHEREAU,MOINS SECURISEE,1
281,PLACE DU CANADA,MOINS SECURISEE,2
282,PLACE DU CARROUSEL,MOINS SECURISEE,1
283,PLACE DU COLONEL FABIEN,VOIE SECURISEE,2
284,PLACE DU DIX HUIT JUIN 1940,MOINS SECURISEE,1
285,PLACE FRANZ LISZT,AUCUN,1
286,PLACE GABRIEL PERI,VOIE SECURISEE,1
287,PLACE JACQUES BONSERGENT,AUCUN,3
288,PLACE PIGALLE,VOIE SECURISEE,1
289,PLACE SAINT FERDINAND,VOIE SECURISEE,1
290,PLACE SAINT GEORGES,AUCUN,1
291,PLACE SAINT GERVAIS,AUCUN,1
292,PLACE SAINT MICHEL,MOINS SECURISEE,1
293,PLACE VALHUBERT,VOIE SECURISEE,2
294,PONT ALEXANDRE III,MOINS SECURISEE,1
295,PONT D AUSTERLITZ,MOINS SECURISEE,1
296,PONT D IENA,MOINS SECURISEE,1
297,PONT DE L ALMA,VOIE SECURISEE,1
298,PONT DE LA CONCORDE,MOINS SECURISEE,1
299,PONT DE SULLY,MOINS SECURISEE,2
300,PONT DE TOLBIAC,VOIE SECURISEE,1
301,PONT NATIONAL,VOIE SECURISEE,2
302,PONT ROYAL,VOIE SECURISEE,1
303,Paul vaillant couturier,AUCUN,1
304,QUAI ANATOLE FRANCE,VOIE SECURISEE,2
305,QUAI ANDRE CITROEN,VOIE SECURISEE,2
306,QUAI BRANLY,AUCUN,2
307,QUAI BRANLY,MOINS SECURISEE,4
308,QUAI BRANLY,VOIE SECURISEE,1
309,QUAI D AUSTERLITZ,AUCUN,1
310,QUAI D AUSTERLITZ,VOIE SECURISEE,3
311,QUAI D ORSAY,AUCUN,1
312,QUAI D ORSAY,MOINS SECURISEE,5
313,QUAI D ORSAY,VOIE SECURISEE,5
314,QUAI DE BERCY,VOIE SECURISEE,1
315,QUAI DE CONTI,VOIE SECURISEE,5
316,QUAI DE GESVRES,MOINS SECURISEE,1
317,QUAI DE GRENELLE,MOINS SECURISEE,1
318,QUAI DE GRENELLE,VOIE SECURISEE,2
319,QUAI DE L ARCHEVECHE,AUCUN,1
320,QUAI DE L HOTEL DE VILLE,MOINS SECURISEE,2
321,QUAI DE L HOTEL DE VILLE,VOIE SECURISEE,1
322,QUAI DE LA GARE,VOIE SECURISEE,1
323,QUAI DE LA GIRONDE,VOIE SECURISEE,1
324,QUAI DE LA RAPEE,VOIE SECURISEE,3
325,QUAI DE LA SEINE,AUCUN,4
326,QUAI DE LA SEINE,MOINS SECURISEE,1
327,QUAI DE LA TOURNELLE,AUCUN,3
328,QUAI DE LA TOURNELLE,VOIE SECURISEE,2
329,QUAI DE VALMY,MOINS SECURISEE,1
330,QUAI DE VALMY,VOIE SECURISEE,4
331,QUAI DES CELESTINS,VOIE SECURISEE,5
332,QUAI DES GRANDS AUGUSTINS,AUCUN,1
333,QUAI DES GRANDS AUGUSTINS,VOIE SECURISEE,2
334,QUAI DES TUILERIES,MOINS SECURISEE,2
335,QUAI DES TUILERIES,VOIE SECURISEE,2
336,QUAI FRANCOIS MAURIAC,MOINS SECURISEE,2
337,QUAI HENRI IV,VOIE SECURISEE,3
338,QUAI LOUIS BLERIOT,AUCUN,1
339,QUAI SAINT BERNARD,MOINS SECURISEE,5
340,QUAI SAINT EXUPERY,VOIE SECURISEE,1
341,QUAI SAINT MICHEL,VOIE SECURISEE,1
342,QUAI VOLTAIRE,VOIE SECURISEE,3
343,QUATORZE JUILLET (R DU),MOINS SECURISEE,1
344,Quai Jean Compagnon,VOIE SECURISEE,1
345,Quai Marcel Boyer,MOINS SECURISEE,1
346,Quai Marcel Boyer,VOIE SECURISEE,1
347,RASPAIL (AV),AUCUN,1
348,RAYMOND DAVID,VOIE SECURISEE,2
349,REPUBLIQUE AVENUE DE LA N°2 A 90,VOIE SECURISEE,1
350,REPUBLIQUE AVENUE DE LA N°92 A FIN,MOINS SECURISEE,1
351,ROBESPIERRE (R),MOINS SECURISEE,1
352,ROUTE DE LA MUETTE A NEUILLY,VOIE SECURISEE,1
353,ROUTE DE LA PTE DAUPHINE A LA PTE DES SA,VOIE SECURISEE,1
354,RUE ABEL,MOINS SECURISEE,1
355,RUE AGAR,MOINS SECURISEE,1
356,RUE ALAIN,VOIE SECURISEE,1
357,RUE ALEXANDRE PARODI,AUCUN,1
358,RUE AMELOT,AUCUN,1
359,RUE ARCHEREAU,MOINS SECURISEE,2
360,RUE ARSENE HOUSSAYE,MOINS SECURISEE,1
361,RUE BALLU,AUCUN,1
362,RUE BEAUBOURG,MOINS SECURISEE,1
363,RUE BEAUJON,MOINS SECURISEE,1
364,RUE BLANCHE,AUCUN,1
365,RUE BOTZARIS,AUCUN,1
366,RUE BOURSAULT,AUCUN,1
367,RUE BRANCION,MOINS SECURISEE,1
368,RUE BRILLAT SAVARIN,AUCUN,1
369,RUE BROCA,AUCUN,1
370,RUE BRUNEL,VOIE SECURISEE,1
371,RUE BUFFON,AUCUN,2
372,RUE CAMBACERES,MOINS SECURISEE,1
373,RUE CAMBRONNE,MOINS SECURISEE,2
374,RUE CARDINET,MOINS SECURISEE,1
375,RUE CIVIALE,AUCUN,1
376,RUE CLAUDE BERNARD,AUCUN,1
377,RUE CORBON,AUCUN,1
378,RUE CROZATIER,AUCUN,1
379,RUE CURIAL,VOIE SECURISEE,1
380,RUE D ABOUKIR,AUCUN,2
381,RUE D ALESIA,AUCUN,1
382,RUE D ALESIA,MOINS SECURISEE,1
383,RUE D ALESIA,VOIE SECURISEE,2
384,RUE D AMSTERDAM,AUCUN,3
385,RUE D ARTOIS,MOINS SECURISEE,1
386,RUE D AUBERVILLIERS,VOIE SECURISEE,2
387,RUE D ESTREES,MOINS SECURISEE,1
388,RUE D HAUTEVILLE,MOINS SECURISEE,1
389,RUE D HAUTPOUL,AUCUN,2
390,RUE D ORSEL,AUCUN,1
391,RUE DAMREMONT,VOIE SECURISEE,1
392,RUE DARMESTETER,VOIE SECURISEE,1
393,RUE DE BAGNOLET,AUCUN,1
394,RUE DE BELLECHASSE,AUCUN,1
395,RUE DE BELLEVILLE,AUCUN,2
396,RUE DE BELLEVILLE,MOINS SECURISEE,1
397,RUE DE BOULAINVILLIERS,MOINS SECURISEE,1
398,RUE DE BOURGOGNE,AUCUN,1
399,RUE DE BRETAGNE,AUCUN,1
400,RUE DE CASTIGLIONE,VOIE SECURISEE,1
401,RUE DE CHABROL,MOINS SECURISEE,1
402,RUE DE CHARENTON,AUCUN,2
403,RUE DE CHARENTON,MOINS SECURISEE,2
404,RUE DE CHARONNE,AUCUN,1
405,RUE DE CHATEAUDUN,VOIE SECURISEE,1
406,RUE DE CLERY,AUCUN,1
407,RUE DE CLICHY,MOINS SECURISEE,2
408,RUE DE CLIGNANCOURT,AUCUN,1
409,RUE DE CONSTANTINE,VOIE SECURISEE,1
410,RUE DE COURCELLES,MOINS SECURISEE,1
411,RUE DE CRIMEE,VOIE SECURISEE,2
412,RUE DE CRONSTADT,AUCUN,1
413,RUE DE DUNKERQUE,AUCUN,1
414,RUE DE DUNKERQUE,MOINS SECURISEE,1
415,RUE DE GRENELLE,AUCUN,1
416,RUE DE JAVEL,AUCUN,1
417,RUE DE JOINVILLE,AUCUN,1
418,RUE DE L AMIRAL DE COLIGNY,MOINS SECURISEE,1
419,RUE DE L AMIRAL DE COLIGNY,VOIE SECURISEE,1
420,RUE DE L ECHIQUIER,AUCUN,1
421,RUE DE L EVANGILE,MOINS SECURISEE,1
422,RUE DE L OURCQ,MOINS SECURISEE,2
423,RUE DE L UNIVERSITE,VOIE SECURISEE,3
424,RUE DE LA CHAPELLE,AUCUN,2
425,RUE DE LA CHAPELLE,MOINS SECURISEE,1
426,RUE DE LA CONVENTION,AUCUN,5
427,RUE DE LA CONVENTION,MOINS SECURISEE,1
428,RUE DE LA CROIX NIVERT,VOIE SECURISEE,1
429,RUE DE LA DUEE,AUCUN,1
430,RUE DE LA FOLIE MERICOURT,AUCUN,1
431,RUE DE LA GLACIERE,AUCUN,1
432,RUE DE LA GLACIERE,MOINS SECURISEE,1
433,RUE DE LA GLACIERE,VOIE SECURISEE,1
434,RUE DE LA JONQUIERE,AUCUN,2
435,RUE DE LA LEGION D HONNEUR,AUCUN,2
436,RUE DE LA MAISON BLANCHE,MOINS SECURISEE,1
437,RUE DE LA PEPINIERE,MOINS SECURISEE,1
438,RUE DE LA POMPE,AUCUN,1
439,RUE DE LA ROQUETTE,AUCUN,2
440,RUE DE LA TOMBE ISSOIRE,AUCUN,1
441,RUE DE LA TOUR D AUVERGNE,AUCUN,1
442,RUE DE LA VILLE L EVEQUE,MOINS SECURISEE,1
443,RUE DE LA VILLETTE,AUCUN,1
444,RUE DE LILLE,AUCUN,1
445,RUE DE LONGCHAMP,MOINS SECURISEE,2
446,RUE DE LOURMEL,AUCUN,1
447,RUE DE LYON,AUCUN,1
448,RUE DE MEAUX,AUCUN,2
449,RUE DE MENILMONTANT,AUCUN,3
450,RUE DE MONCEAU,AUCUN,1
451,RUE DE MONCEAU,MOINS SECURISEE,1
452,RUE DE MONTREUIL,AUCUN,1
453,RUE DE PRESBOURG,VOIE SECURISEE,1
454,RUE DE RENNES,MOINS SECURISEE,1
455,RUE DE REUILLY,AUCUN,1
456,RUE DE RICHELIEU,MOINS SECURISEE,1
457,RUE DE RIVOLI,AUCUN,6
458,RUE DE RIVOLI,VOIE SECURISEE,21
459,RUE DE ROCHECHOUART,AUCUN,1
460,RUE DE ROHAN,MOINS SECURISEE,1
461,RUE DE ROME,AUCUN,1
462,RUE DE SEVRES,AUCUN,3
463,RUE DE SEVRES,MOINS SECURISEE,1
464,RUE DE SEZE,MOINS SECURISEE,1
465,RUE DE TANGER,MOINS SECURISEE,1
466,RUE DE TOLBIAC,AUCUN,2
467,RUE DE TOLBIAC,MOINS SECURISEE,3
468,RUE DE TURBIGO,AUCUN,4
469,RUE DE TURBIGO,MOINS SECURISEE,3
470,RUE DE TURBIGO,VOIE SECURISEE,1
471,RUE DE TURENNE,AUCUN,3
472,RUE DE VARENNE,AUCUN,1
473,RUE DE VAUGIRARD,AUCUN,1
474,RUE DE VAUGIRARD,MOINS SECURISEE,10
475,RUE DE VAUGIRARD,VOIE SECURISEE,3
476,RUE DES BOULETS,AUCUN,1
477,RUE DES CARMES,AUCUN,1
478,RUE DES COURONNES,AUCUN,1
479,RUE DES ECLUSES SAINT MARTIN,MOINS SECURISEE,2
480,RUE DES FONTAINES DU TEMPLE,AUCUN,1
481,RUE DES FRANCS BOURGEOIS,AUCUN,1
482,RUE DES MORILLONS,AUCUN,3
483,RUE DES ORTEAUX,AUCUN,1
484,RUE DES PETITES ECURIES,AUCUN,1
485,RUE DES PLANTES,MOINS SECURISEE,1
486,RUE DES POISSONNIERS,MOINS SECURISEE,2
487,RUE DES PYRENEES,MOINS SECURISEE,6
488,RUE DES TERRES AU CURE,AUCUN,2
489,RUE DES TROIS BORNES,AUCUN,2
490,RUE DES VINAIGRIERS,AUCUN,1
491,RUE DOUDEAUVILLE,AUCUN,1
492,RUE DROUOT,AUCUN,3
493,RUE DROUOT,MOINS SECURISEE,1
494,RUE DU BAC,AUCUN,1
495,RUE DU CHATEAU D EAU,VOIE SECURISEE,1
496,RUE DU CHEMIN VERT,AUCUN,4
497,RUE DU CHERCHE MIDI,MOINS SECURISEE,2
498,RUE DU CHEVALERET,AUCUN,1
499,RUE DU CLOITRE SAINT MERRI,AUCUN,1
500,RUE DU COMMERCE,AUCUN,2
501,RUE DU CONSERVATOIRE,AUCUN,1
502,RUE DU FAUBOURG DU TEMPLE,AUCUN,1
503,RUE DU FAUBOURG DU TEMPLE,VOIE SECURISEE,1
504,RUE DU FAUBOURG POISSONNIERE,VOIE SECURISEE,1
505,RUE DU FAUBOURG SAINT ANTOINE,AUCUN,3
506,RUE DU FAUBOURG SAINT DENIS,AUCUN,3
507,RUE DU FAUBOURG SAINT DENIS,VOIE SECURISEE,1
508,RUE DU FAUBOURG SAINT HONORE,AUCUN,1
509,RUE DU FAUBOURG SAINT JACQUES,VOIE SECURISEE,1
510,RUE DU FAUBOURG SAINT MARTIN,AUCUN,4
511,RUE DU FAUBOURG SAINT MARTIN,MOINS SECURISEE,6
512,RUE DU FAUBOURG SAINT MARTIN,VOIE SECURISEE,1
513,RUE DU FER A MOULIN,AUCUN,1
514,RUE DU FOUR,MOINS SECURISEE,1
515,RUE DU HAVRE,AUCUN,1
516,RUE DU HAVRE,VOIE SECURISEE,1
517,RUE DU LOUVRE,MOINS SECURISEE,1
518,RUE DU MONT CENIS,AUCUN,1
519,RUE DU PAS DE LA MULE,AUCUN,1
520,RUE DU PETIT PONT,MOINS SECURISEE,1
521,RUE DU PONT LOUIS PHILIPPE,AUCUN,2
522,RUE DU RANELAGH,MOINS SECURISEE,1
523,RUE DU RENARD,AUCUN,1
524,RUE DU RENARD,MOINS SECURISEE,2
525,RUE DU TEMPLE,AUCUN,1
526,RUE DU TEMPLE,VOIE SECURISEE,1
527,RUE DUPETIT THOUARS,AUCUN,2
528,RUE DURANTI,AUCUN,1
529,RUE DUTOT,AUCUN,1
530,RUE DUVIVIER,AUCUN,1
531,RUE EMILE DEUTSCH DE LA MEURTHE,VOIE SECURISEE,1
532,RUE EMILE FAGUET,VOIE SECURISEE,1
533,RUE ETIENNE DOLET,AUCUN,1
534,RUE ETIENNE MARCEL,AUCUN,2
535,RUE ETIENNE MARCEL,MOINS SECURISEE,1
536,RUE EUGENE CARRIERE,AUCUN,1
537,RUE EUGENE VARLIN,AUCUN,1
538,RUE FABRE D EGLANTINE,MOINS SECURISEE,1
539,RUE FAIDHERBE,AUCUN,1
540,RUE FESSART,AUCUN,1
541,RUE FONDARY,AUCUN,1
542,RUE FRANCOIS MIRON,AUCUN,1
543,RUE FROIDEVAUX,AUCUN,2
544,RUE FROIDEVAUX,VOIE SECURISEE,1
545,RUE FROMENT,AUCUN,1
546,RUE GAY LUSSAC,AUCUN,1
547,RUE GERMAIN PILON,VOIE SECURISEE,1
548,RUE JEAN DE LA FONTAINE,MOINS SECURISEE,1
549,RUE JEAN MERMOZ,MOINS SECURISEE,1
550,RUE JOSEPH DE MAISTRE,AUCUN,1
551,RUE JOUFFROY D ABBANS,AUCUN,1
552,RUE JULES GUESDE,AUCUN,1
553,RUE JUSSIEU,AUCUN,3
554,RUE LA BRUYERE,AUCUN,1
555,RUE LA FAYETTE,AUCUN,5
556,RUE LA FAYETTE,MOINS SECURISEE,5
557,RUE LA FAYETTE,VOIE SECURISEE,1
558,RUE LACAZE,AUCUN,1
559,RUE LAGILLE,AUCUN,1
560,RUE LECOURBE,MOINS SECURISEE,2
561,RUE LEGENDRE,AUCUN,1
562,RUE LINOIS,VOIE SECURISEE,3
563,RUE LOUIS BLANC,VOIE SECURISEE,1
564,RUE LUCIEN SAMPAIX,AUCUN,1
565,RUE MADAME,AUCUN,1
566,RUE MANIN,VOIE SECURISEE,2
567,RUE MARBEUF,AUCUN,1
568,RUE MARCADET,AUCUN,1
569,RUE MARMONTEL,AUCUN,1
570,RUE MARX DORMOY,VOIE SECURISEE,1
571,RUE MAUBLANC,MOINS SECURISEE,1
572,RUE MAYRAN,AUCUN,1
573,RUE MICHEL LE COMTE,AUCUN,1
574,RUE MONCEY,AUCUN,1
575,RUE MONTGALLET,AUCUN,1
576,RUE NATIONALE,VOIE SECURISEE,1
577,RUE NICOLO,AUCUN,1
578,RUE NOLLET,AUCUN,1
579,RUE OBERKAMPF,AUCUN,1
580,RUE OBERKAMPF,MOINS SECURISEE,2
581,RUE OBERKAMPF,VOIE SECURISEE,1
582,RUE ORDENER,MOINS SECURISEE,3
583,RUE PERNETY,AUCUN,1
584,RUE PHILIPPE DE CHAMPAGNE,AUCUN,1
585,RUE POLIVEAU,AUCUN,1
586,RUE RAFFET,MOINS SECURISEE,1
587,RUE RAMBUTEAU,VOIE SECURISEE,1
588,RUE RAYMOND LOSSERAND,VOIE SECURISEE,1
589,RUE REAUMUR,AUCUN,2
590,RUE RENE BOULANGER,AUCUN,1
591,RUE RICHARD LENOIR,AUCUN,1
592,RUE RIQUET,VOIE SECURISEE,2
593,RUE ROY,MOINS SECURISEE,1
594,RUE SAINT ANTOINE,AUCUN,6
595,RUE SAINT ANTOINE,VOIE SECURISEE,5
596,RUE SAINT CHARLES,AUCUN,2
597,RUE SAINT DENIS,AUCUN,1
598,RUE SAINT DOMINIQUE,AUCUN,2
599,RUE SAINT DOMINIQUE,VOIE SECURISEE,1
600,RUE SAINT GEORGES,AUCUN,2
601,RUE SAINT HONORE,MOINS SECURISEE,1
602,RUE SAINT JACQUES,VOIE SECURISEE,2
603,RUE SAINT LAZARE,MOINS SECURISEE,1
604,RUE SAINT MARC,AUCUN,1
605,RUE SAINT MARTIN,MOINS SECURISEE,1
606,RUE SAINT MAUR,AUCUN,3
607,RUE SEDAINE,AUCUN,1
608,RUE SERVAN,AUCUN,1
609,RUE SIMART,AUCUN,1
610,RUE SOUFFLOT,AUCUN,1
611,RUE SOUFFLOT,VOIE SECURISEE,1
612,RUE TRAVERSIERE,VOIE SECURISEE,1
613,RUE VERCINGETORIX,AUCUN,1
614,RUE VERCINGETORIX,VOIE SECURISEE,2
615,RUE VIEILLE DU TEMPLE,AUCUN,1
616,RUE VIOLET,AUCUN,1
617,RUE VIVIENNE,AUCUN,1
618,Rue Barbès,VOIE SECURISEE,1
619,Rue Hoche,AUCUN,1
620,Rue Lénine,MOINS SECURISEE,1
621,Rue Marat,MOINS SECURISEE,1
622,Rue Paul Andrieux,VOIE SECURISEE,1
623,Rue Raspail,AUCUN,1
624,Rue Robespierre,MOINS SECURISEE,1
625,Rue Westermeyer,VOIE SECURISEE,1
626,SADI CARNOT (RUE),AUCUN,1
627,TOUR (RUE DE LA),AUCUN,1
628,VALLEE (RUE DE LA),AUCUN,1
629,VANVES BOULEVARD DE N° PAIRS,AUCUN,1
630,VERDUN (AV DE),VOIE SECURISEE,1
631,VERDUN (DE 01 A 61),MOINS SECURISEE,1
632,VIC. HUGO(RUE)001A067 ET002A078,MOINS SECURISEE,1
633,VIC. HUGO(RUE)077A089 ET 090A110,MOINS SECURISEE,1
634,VIC. HUGO(RUE)091A113 ET 112A146,MOINS SECURISEE,1
635,VIC. HUGO(RUE)115A149 ET 148A178,MOINS SECURISEE,1
636,VICTOR CRESSON (AVENUE) DU 02 AU 40,AUCUN,1
637,VILLIERS(RUE DE)  54A86,VOIE SECURISEE,1
638,VLADIMIR ILLITCH LENINE (AV),AUCUN,1
639,VOIE GEORGES POMPIDOU,MOINS SECURISEE,4
640,VOIE GEORGES POMPIDOU,VOIE SECURISEE,2
641,VOLTAIRE (BOULEVARD),MOINS SECURISEE,1
